Date_Range,Event,index_id,embed_link,Drive_Link,Sketch_ID,type,tag1,tag2,tag3,highlighted,highlighted domain,,,,,,,,,,,
4-22-2019,Meeting with N,1,https://docs.google.com/document/d/e/2PACX-1vRZ1JdLryYTglj40AdmQenil4n2xw6pj-z5dC2SLAY738p1a-dACPuq0GUHjhd-1JwVUm2Bw-Enm1QX/pub?embedded=true,https://drive.google.com/open?id=11f4M0OBNn6iVVJDdRlD02bl_P95ZZaA7hrFztzrWVbs,nul,notes,meeting/interview,design studies,planning,null,null,,,,,,,,,,,
4-23-2019,Proposal for Design study ,160,https://docs.google.com/document/d/e/2PACX-1vQAmhRZbWOeqBvWU4alkCmRpsJIIwaYQZ_XrOd1O0--fhQFCoj3S7c3hVloDeDRkWtQ_KpTui0YskIb/pub?embedded=true,https://docs.google.com/document/d/1DbyEJ7vhAa8iVyyyel9hLNVvGG4wuUdTj-fP7YLKOTg/edit#,null,notes,brainstorm/sythesis,,,,,,,,,,,,,,,
5-13-2019,3 Month Field Study with Harmon Lab,150,null,null,null,start,phase,,,,,,,,,,,,,,,
5-13-2019,Initial Meeting with LH,2,https://docs.google.com/document/d/e/2PACX-1vQ0JcDIF5dhuMJc4QI3UpxSpbalU9lBZtY5T7Q_iHyDfaQ8l8lRJ7r5xS_GJaG-Dv4UUxh5qFRqsHHw/pub?embedded=true,https://drive.google.com/open?id=1OvAVJXsegxNM2Xvnb3lU8AsHakMuFHdhyRItM0xqgzc,null,notes,meeting/interview,,,"compare,sets,correlated,local network,relevant changes","evolutionary events,shared traits,evolutionary integration,covariation",,,,,,,,,,,
5-13-19,Initial Meeting with JS,3,https://docs.google.com/document/d/e/2PACX-1vR9i0SKYt4CDlqpc03cesXY1VbTQe1q9tXOz3vo8NG2nbo712oBM0TXCIjKlEhxA5PEYia5CkbjJeIo/pub?embedded=true,https://drive.google.com/open?id=1winfsk4ORhTds1TguChMMIrfymUzqmmeZMtv5Ri1pbw,null,notes,meeting/interview,chipmunks,,"homogenous,recording","model selection,phylogeography,divergence,hybridize,bioinformatics pipeline,location genetics",,,,,,,,,,,
5-13-2019,Initial Meeting with H,4,https://docs.google.com/document/d/e/2PACX-1vRO08XDTwAZRkoLsWlebJexA6_2NV5FzJ87Fsix8Gs3iBWku8h-9Vb1TJSJu5bTQzXYFayb-Lj_jJSn/pub?embedded=true,https://drive.google.com/open?id=1CBBHdz9svVDxuBsbWJe2QYV-nSg30liubZhjDziEfIU,null,notes,meeting/interview,domain vis,,created figures,"clade,dispersal,diversification,biographic history,bio specification,phylogenetic split,biogeographic split,ancestral reconstruction,divergence,morphological",,,,,,,,,,,
5-13-19,Notes on Analysis,5,https://docs.google.com/document/d/e/2PACX-1vRjRjoFUUAIOeP7jRfndb3wzJPGpYQTg_gA4ri0ZoJsM15aTnC-S66va1TjxeRJquAl-ryhaJ92s4Q4/pub?embedded=true,https://docs.google.com/document/d/1KUO9cGtii1WicyiIXewl6KXbSvXfIhuIPG4JC1rE6_c/edit,null,notes,domain,context,analysis,"uncertainty,covariance,correlation","maximum clade probability tree,MCC,range of branching,consensus tree,posterior distribution,",,,,,,,,,,,
5-13-19,Sketchbook,6,public/assets/513.png,null,513,image,sketch/view,,,"collaborator sketches,violin plots,distribution trends",tree branch range,,,,,,,,,,,
5-14-19,Initial Meeting with AP,7,https://docs.google.com/document/d/e/2PACX-1vRHdgkNcsgttI_uIFFOKS1U0-xsFoEdq3p6MGyDWzxljWqLrkUDuWWWoIqk7bfGN4ITIU15hoMwE18p/pub?embedded=true,https://drive.google.com/open?id=1agn4K45aC6LomGCJmXPdHWe-DZVzjnq9VTp69WAemU0,null,notes,meeting/interview,convergence,,"visual analysis,relationships,topological uncertainty","phylogenetics,coevolution,anole lizards,divergence,morphological,ecological,character displacement,competitive exclusion,Sympatric,Allopatric,population,divergence rate,adapting",,,,,,,,,,,
5-14-19,Initial meeting with MR,8,https://docs.google.com/document/d/e/2PACX-1vRliyBwKoNy0_asl-JcKmXXWQmKhXIsHnnOnsAgw2S8ZHtECQ2D0wsg0UADevUej21z1tdw3ai-L5y2/pub?embedded=true,https://drive.google.com/open?id=1V0W_GdxWRZ96m3bIr4k8De8GYftjsB8AwDin61k-DQ4,null,notes,meeting/interview,summary stats,,"uncertainty,topology,local,summar statistics","trait mediated community assembly,adapted,regional species pool,local species pool,Parameter estimation,comparative phylogeography,Phenogram",,,,,,,,,,,
5-14-19,Initial Meeting with L,9,https://docs.google.com/document/d/e/2PACX-1vRMVvPNd7XTkSK_17kSKfSbCBwh00TwjxH3v1rGV3PLAgPTwm8o_hhetp2dgA4QB9NUEGdzHcH6Bm9u/pub?embedded=true,https://drive.google.com/open?id=116-es5empavSvVF9SHWaYdoQNnsvn96b0886jXkiiYM,null,notes,meeting/interview,meta,,Epistemology,Microbial island biography,,,,,,,,,,,
5-15-2019,Sketchbook,10,public/assets/515.png,null,515,image,sketch/view,,,domain sketches,"tree representaion,phenogram,traitgram,genetic",,,,,,,,,,,
5-17-2019,Examples of Work from Lab,11,https://docs.google.com/document/d/e/2PACX-1vRqniMqU4v6PvHTN0LIpRVVWAWwIRgldyVPUH16IrhHfdxNcrTffuHyPlH4A5pHwtLcGJW0Fn_5ckr9/pub?embedded=true,https://docs.google.com/document/d/1oEC_gF1BQO5GhXQA1Dp-H1__9H2gH9M9Zf7EKlzt8t0/edit?usp=sharing,null,notes,domain,context,,visualization,"dispersal,vicariance",,,,,,,,,,,
5-17-2019,Initial Interview with ET,12,https://docs.google.com/document/d/e/2PACX-1vT2AS-f0dIDqKdme6Ds1dkLR1KuxuzMp0Ac5Rv3Q4Q-B0um6uRPoc4bQlYV6nr57e82NARUQBYUwk1m/pub?embedded=true,https://drive.google.com/open?id=12nuvZ0_WnLUQffpXBif1ODW9VrvVPmN4YMo7G2_tihs,null,notes,meeting/interview,genetics,,Compare,"Hi-C data,antibiotic resistant genes,microbes,Genotypic",,,,,,,,,,,
5-17-19,Gave Presentation to Group,13,https://docs.google.com/document/d/e/2PACX-1vSNKDZKPRYBeNBNjr6MXdp36aHK4-ihI5Etrn4WDWVNTfza_7Q4qNngvMU8FByWH0p9IkqKGboA6-SU/pub?embedded=true,https://drive.google.com/open?id=1COrWdnRfjF5_dIBfxMzYvTuAF0FDzNpn-xt7EB_VFZY,null,notes,meeting/interview,expectations,,null,null,,,,,,,,,,,
5-17-19,Intro to Lab Presentation,14,public/assets/lab_intro_presentation.pdf, null,null,pdf,presentation,expectations,,"design study,visualization researchers,visualization design lab",,,,,,,,,,,,
5-18-19,Domain Visual Examples,15,https://docs.google.com/document/d/e/2PACX-1vRV2YyZuv3U0uZYZNsMlixv-_OJRsj5WhUTAyZyIbED3gIczr1H1C5kKUZofy5I3GvHfvWFhSlI7OEI/pub?embedded=true,https://docs.google.com/document/d/1O4loLJ_0pC15BFk7DFY2KBeMwNQpQ2MLyiYUPt2kJVM/edit?usp=sharing,null,notes,domain,context,,null,null,,,,,,,,,,,
5-20-19,Initial Meeting with T,16,https://docs.google.com/document/d/e/2PACX-1vTtjSqV2F_3te8ombaR4Z2oH2WHjd_Pv1IScdJCzmw-3nKj_FVDetBwgK4q0_9EvJdPEdZVRMre2DSJ/pub?embedded=true,https://drive.google.com/open?id=1Xq86TZWGonHhIYUfjFA1zbz72FGB97EzRfLfCAx5aBM,null,notes,meeting/interview,matrices,,"uncertainty,trajectories,Understand where,Identify visual patterns","origins,HI-C methodology,reconstructed plasmid-host association,identifying already known associations,identification of links in the context of the phylogenetic trees,what are the trajectories",,,,,,,,,,,
5-20-19,Initial Meeting with A,17,https://docs.google.com/document/d/e/2PACX-1vQzc4b6IvcMyG549RnAueFWJWcLrbxn5Ouw8hl67nc8GLd-D3RQiDgKj0SqBBcG9imG0kuB0UbqHKSH/pub?embedded=true,https://drive.google.com/open?id=1O4mIrjueQv25sHhet89g_FFhybYQ43aYTpSE1yMuYcM,null,notes,meeting/interview,pca,,"locally adapted,determine the extent of change,local,population","how populations vary,individual variation,evolution rate,geographical distribution across time",,,,,,,,,,,
5-21-19,Planning Creativity Workshop,18,https://docs.google.com/document/d/e/2PACX-1vSPSRoyzF5NKYWzSpgBJ8bwXqlGsqiiO2qSW2s5ko_MLsc_Sas5qGXpQTpedlzb7vTiOG6llDNA_DvO/pub?embedded=true,https://drive.google.com/open?id=1aiCMLIgkqc0S0sceUwUIt1OGoLZU9rqGCJE3vn0pRTI,null,notes,brainstorm/sythesis,,,null,null,,,,,,,,,,,
5-21-19,Started uncertainty example collection,19,https://docs.google.com/document/d/e/2PACX-1vRJq28zMaw-EijPSbqrJtZMG6xG2ETlrHkYvKIO-i69CC80wJC-suyZ_XueEWglgmjuahq3S-vD6ia3/pub?embedded=true,https://docs.google.com/document/d/1nA6SKN71eC7d0TBRI-3LmLKXym7HBffv4fJpBosevkw/edit?usp=sharing,null,notes,domain,context,,null,null,,,,,,,,,,,
5-21-19,Visit MA Lab at WSU,20,https://docs.google.com/document/d/e/2PACX-1vQuvlEWTPSuLXok0YNFFwHd0xbAxNbgO2SLGqGFVFzmdZ3cbceXBlb77AWpdj5CkexbrZRPTF560TLJ/pub?embedded=true,https://drive.google.com/open?id=1LDHrj29JDMha6CVq4QdC6MYKvQrppeunw79qm93Vngw,null,notes,presentation,interview,,"Transfer,Annotation,uncertainty,Time Series data","variations of branching,identify traits that have evolved,de-evolution,gene expression presence or absence,Co-occurrence and change",,,,,,,,,,,
5-22-19,Meet with R to Discuss Multinet,21,https://docs.google.com/document/d/e/2PACX-1vTXECNthJ5k90u2Qh_SETSahjAIWV4O6Bg3m8Q9W1qZRS8g2X4XS-9iQi6W3YCv_OP4eoWgM70bTjGc/pub?embedded=true,https://drive.google.com/open?id=1X-Qt-K5uOsnZTsf4eCm2wgyqw3yUbYb_q7hzL03ckts,null,notes,brainstorm/sythesis,assesment,,null,null,,,,,,,,,,,
5-22-19,Sketch Brainstorm Ideas,22,https://docs.google.com/document/d/e/2PACX-1vR6SPeyX2sYBu68mvxsyyx7dn7Qvy20NEWwDhBz6exOTKX8iAtQYqIvvOH16xA_-JzSls2Iu8VbpehT/pub?embedded=true,https://drive.google.com/open?id=19WhXqPs9Plo2tDmPzquWfFxfINy2Zcd4abUgO1cMgPs,null,notes,brainstorm/sythesis,,,null,null,,,,,,,,,,,
5-24-19,,23,public/assets/work1.png,null,work1,image,workshop,documentation,sketch,null,null,,,,,,,,,,,
5-24-19,,24,public/assets/work2.png,null,work2,image,workshop,documentation,sketch,null,null,,,,,,,,,,,
5-24-19,,25,public/assets/work3.png,null,work3,image,workshop,documentation,sketch,null,null,,,,,,,,,,,
5-24-19,,26,public/assets/work4.png,null,work4,image,workshop,documentation,sketch,null,null,,,,,,,,,,,
5-24-19,,27,public/assets/work5.png,null,work5,image,workshop,documentation,sketch,null,null,,,,,,,,,,,
5-24-19,,28,public/assets/work6.png,null,work6,image,workshop,documentation,sketch,null,null,,,,,,,,,,,
5-24-19,,29,public/assets/work7.png,null,work7,image,workshop,documentation,sketch,null,null,,,,,,,,,,,
5-24-19,,30,public/assets/work8.png,null,work8,image,workshop,documentation,sketch,null,null,,,,,,,,,,,
5-24-19,,31,public/assets/work9.png,null,work9,image,workshop,documentation,sketch,null,null,,,,,,,,,,,
5-24-19,,32,public/assets/work10.png,null,work10,image,workshop,documentation,sketch,null,null,,,,,,,,,,,
5-24-19,,33,public/assets/work11.png,null,work11,image,workshop,documentation,sketch,null,null,,,,,,,,,,,
5-24-19,,34,public/assets/work12.png,null,work12,image,workshop,documentation,sketch,null,null,,,,,,,,,,,
5-24-19,,35,public/assets/work13.png,null,work13,image,workshop,documentation,sketch,null,null,,,,,,,,,,,
5-24-19,Workshop Notes,36,https://docs.google.com/document/d/e/2PACX-1vT9VQM-cpRhLDDKqF2yCWCNI3VHk7ZTRbwyFKR8U-0i0_rNsQzPhNxIw3tqE2MyNxIssM0mLnkcvS_i/pub?embedded=true,https://drive.google.com/open?id=1qZkIZzwFfdkR5Ok7EOUawomJOa_ejXtcHHo_SpBKgB4,null,notes,brainstorm/sythesis,interview,sketching,"Uncertainty visualization,Encoding of multiple attributes,recorded","visualize multiple phylogenetic trees,diversion rates",,,,,,,,,,,
5-27-19,Summarized Needs from Workshop,37,https://docs.google.com/document/d/e/2PACX-1vTLtSRe4AsPGAREc17acbj61NMjZheBNQGOn6KU8bcjVBPVQy7URLCZmdk0R_i_ij9WNVDST1F0aoQP/pub?embedded=true,https://drive.google.com/open?id=13aJrHNAsp5tFBLYEnXEE_3XIIlB13cwhbEOOtF5W9oY,null,notes,brainstorm/sythesis,analysis,,null,null,,,,,,,,,,,
5-28-19,Sketchbook,38,public/assets/528.png,null,528,image,sketch/view,brainstorm,,"understanding domain, ","mk model,character shift,irreversable evolution",,,,,,,,,,,
5-29-19,Skype with J and LH,39,https://docs.google.com/document/d/e/2PACX-1vS0O867bIkQuZw7x5j9Gj-ySg_n0p24QwJCmdz5ofXeinFiV2L8USuZNgUqifP5p3S5R0AJrb1tsVNQ/pub?embedded=true,https://drive.google.com/open?id=1BjxRa-8FrnfzE_esX2lvaNdDwlLTPYGgmPmU6xmNtKI,null,notes,meeting/interview,collaboration,,,geography,,,,,,,,,,,
5-29-19,Meeting with LH,40,https://docs.google.com/document/d/e/2PACX-1vT7ttMoaJbaU2P6lpMqHFdINqzaEDT5ZKjSoNH8fJPmWZKS6_2Jxco6R_vXbHPofy7Xu6I6IZYZ9EKd/pub?embedded=true,https://drive.google.com/open?id=1sJaAYnN5YK26hbNBHmXzHAKXK5J2vNpMbFIrgDpwYGQ,null,notes,domain,technology gap,,"visualizing patterns,Attributes that are associated,highlighting patterns,bigger picture,Topology","many,discrete and continuous characters togetherassociated character attributes,context tree,evolutionary rate,Signal of irreversible evolution,discrete and continuous characters together",,,,,,,,,,,
5-29-19,Sketchbook,41,public/assets/529.png,null,529,image,sketch/view,brainstorm,,"collaborator sketch,understanding domain, ","clade,collapsed clade,clade definition,",,,,,,,,,,,
5-30-19,Draft Initial Requirements Document,42,https://docs.google.com/document/d/e/2PACX-1vRpBVsybu8CRfiQlS7nYC--Wtd4cO-cLQtpngLFJswZ3Ud_8cC0oEKRzGgxK0OyGqIxwk8Ogp8839xe/pub?embedded=true,https://drive.google.com/open?id=1uRb4cVgZUyC01McvBjhV_7fEbis2bcCD7bmwshlNUCY,null,notes,brainstorm/sythesis,analysis,,"probabilities,identifying patterns","Tree Variation and Uncertainty,Multiple Character States",,,,,,,,,,,
5-30-19,Sketchbook,43,public/assets/530.png,null,530,image,sketch/view,brainstorm,,"understanding domain,ideation,related work,multiple attributes","ancestral traits,derived traits, ",,,,,,,,,,,
5-30-19,Mockups for Traits and Paths,158,public/assets/530-mockup.png,,530-mockup,image,sketch/view,brainstorm,, ,,,,,,,,,,,,
5-31-19,Sketching Tool Features,44,https://docs.google.com/document/d/e/2PACX-1vQDaf3lHYK5RuB3iPcUcp1-XSw7_8weGWBUEU9kEi4ViJA73gyBm1cJK9uLiVr5YrjTQV5xljOJvQGR/pub?embedded=true,https://drive.google.com/open?id=1jjTZkVTfjl-mfFX1HJ5hiGrXWJBPb4BMgEHzFjY7z14,null,notes,brainstorm/sythesis,,,null,null,,,,,,,,,,,
5-31-19,Sketchbook,45,public/assets/531.png,null,531,image,sketch/view,brainstorm,,"sets,visualizing sets,","overlapping branches,marcov chain,monte carlo,",,,,,,,,,,,
6-1-19,Sketchbook,46,public/assets/601.png,null,601,image,sketch/view,brainstorm,,"domain notes,sketching domain,understanding domain,","understanding multiple tree hypothesis,trait trajectories,clade,entropy,nested clade,marginal reconstruction",,,,,,,,,,,
6-3-19,Familiarizing Myself with the Domain Analysis workflow,47,https://docs.google.com/document/d/e/2PACX-1vSHUvUGhXhEWNGx8H-qStV3ZueMwfPpq82ZN_x23aHDRkaPIyG--AJvaGzjQLTBH3M1DafwoCGP5-xT/pub?embedded=true,https://drive.google.com/open?id=1lXoM4dGVmC60g5U62QqVYzbceGXRa2bbKkJk0w2i7vg,null,notes,domain,,,associated information,"consensus tree,ancestral state reconstruction",,,,,,,,,,,
7-5-19,Second Meeting with D,48,https://docs.google.com/document/d/e/2PACX-1vQhVvWd5vW7xeDyu2a0VeRpYx7wpF0KcYuogIIPhntHNGG_tpsNWm-NyZPPGCqflKPLDNGRSyISgK9D/pub?embedded=true,https://docs.google.com/document/d/15TUE8RSdpjZQUhMG-0S-onVOwwtfH5uZT8ptzvjFaok/edit?usp=sharing,null,notes,meeting/interview,,,"insights gained from the data,context of topology,filtering system,summary data,design critique,visualize comparisons,Enneagram number,","probabilities of a given state,trends in body size,overlap multiple species together,should have context of tree,Linear layout hard to determine context,Distinct clades converge into distinct states.",,,,,,,,,,,
6-6-19,Status check on progress with R and C,49,https://docs.google.com/document/d/e/2PACX-1vT-BTJUxgIneyAeNMQDdwOQSy_3GspyKXrw3mLf9dBmFbSRXx-0EYlN3qdRE4dRoQDhh8ufPSPhlrKZ/pub?embedded=true,https://drive.google.com/open?id=1gdqZy0Z8oSRcBZ4AyPZRsRtTNHjslcz1-2RR2eKvAuM,null,notes,meeting/interview,,,"reflective writing,visible and accessible,initial sketches are very similar",,,,,,,,,,,,
6-7-19,Familiarizing myself with Arbor Workflows,50,https://docs.google.com/document/d/e/2PACX-1vS93PaMF15hkxguLvGUQWXSWTU9Qg-McVOGlckmXm2Q-tSjryIk1XY404wVxzkQfYOasbTfP37B_V-Y/pub?embedded=true,https://drive.google.com/open?id=1BUnjkyo1p0fEQfchYcuiwSD8USkkwMoejBe6EknrXcg,null,notes,domain,,,null,null,,,,,,,,,,,
6-10-19,Multinet Tech Meeting,51,https://docs.google.com/document/d/e/2PACX-1vSuguwD9FIuLrbocVlPDqN9fbmtyI6od-JQ0GQr76nd5JseGo2MlPP1N2UpVlxp48jhrJe66NkEaQ4n/pub?embedded=true,https://drive.google.com/open?id=1XDNn6thxyKS-ocer1rzlFA543Oaub4BhModeetYPo9o,null,notes,meeting/interview,,,design critiques,,,,,,,,,,,,
6-10-19,Sketchbook,52,public/assets/610.png,null,610,image,sketch/view,brainstorm,,"adjacency matrix,matrix,breaking down encoding",,,,,,,,,,,,
6-12-19,Started to Audio Record Meetings,148,null,null,null,start,event,,,,,,,,,,,,,,,
6-12-19,Second Meeting with AP,53,https://docs.google.com/document/d/e/2PACX-1vRIzj_A1GxcO8pdJev_9LJzbWomwMm4fg8GOLqxtyWCiFgu4MiTphfcUmK0YEVr0IEI4yhTjL-75F1q/pub?embedded=true,https://drive.google.com/open?id=1w7tCBBnGNl0Zyc11NsgHNUzSXukqJoF5e_BiSoD5n0U,null,notes,meeting/interview,,,"Topological uncertainty, recording,",visualizing traits across species,,,,,,,,,,,
6-13-19,Taking Notes on Ancestral State Reconstruction,54,https://docs.google.com/document/d/e/2PACX-1vTih6OYmWFI0Z7wFImts8IVlwDABqxtnyhL-iKLLK3n4T1u5l0Jw-Hw_t_YE6VbknVzocAbzfxCXbD3/pub?embedded=true,https://drive.google.com/open?id=1V1YiV3uttmLNer67f9avvjpEan9rFfSaBQTc0D2CbEw,null,notes,domain,,,null,null,,,,,,,,,,,
6-13-19,Sketchbook,55,public/assets/613.png,null,613,image,sketch/view,brainstorm,,"collaborator sketch,understanding domain, ","correlation,trait trajectories,linearized histories",,,,,,,,,,,
6-14-19,Second Meeting with H,56,https://docs.google.com/document/d/e/2PACX-1vRXUbYWeBKbZXWfpF_1fm4ktTWX5iGIKELqKgjlvn6yNILBxSWePYpbz5CB58hadMQ4vfI7rQUJ6LYq/pub?embedded=true,https://drive.google.com/open?id=1mkg2QMYs5hRDwqtPOSiCqIdPnBU-7QLlH59rG3x6v7E,null,notes,meeting/interview,domain feedback,,"correlation,state probabilities",ancestral state reconstruction,,,,,,,,,,,
6-18-19,Design Phase,156,null,null,null,start,phase,,,,,,,,,,,,,,,
6-18-19,Created Illustrator Mockups,57,null,null,,image,sketch/view,,,null,null,,,,,,,,,,,
6-18-19,Meeting with AL,58,https://docs.google.com/document/d/e/2PACX-1vTaWgt7auGVq4vGkAJMVN8d5BoyZPSRtbpyMziPEKu6yAxDBRn9vlWF4UY1Pvjlk-udSrt-rkwjgz5A/pub?embedded=true,https://drive.google.com/open?id=1O2zleJggoOQwtPoPh_sllkMJgRnNRY6TGYVSRdlDw8o,null,notes,meeting/interview,related work,,,"phenotypes in context,Layering the trajectories of a trait",,,,,,,,,,,
6-21-19,Update on Path Design ,59,public/assets/mockup-621.png,null,mockup-621,image,sketch/view,mockup,,"mockup,illustrator,","path view,attribute filter,linearized paths,",,,,,,,,,,,
7-3-19,Text Update to LH on mockups,149,,,,email/text,text,,,,,,,,,,,,,,,
7-5-19,Sketchbook,60,public/assets/705.png,null,705,image,sketch/view,brainstorm,,"multiple view,distribution change,linearized,","trait distributions,continuous,discrete,",,,,,,,,,,,
7-9-19,Sketchbook,61,public/assets/709.png,null,709,image,sketch/view,brainstorm,,null,null,,,,,,,,,,,
7-16-19,Meeting with AL,62,https://docs.google.com/document/d/e/2PACX-1vTmnh6e02FxI5uP7XWfYQM6enhp0wXfqv-0DZeVEXGJ20eSEYSlWdiCxqGbxKx7QvkGFYSKi0AVU-BM/pub?embedded=true,https://drive.google.com/open?id=13W4jlH9kbzytetqBa9yyp-iuX96yWiD5gKYp8QImCw8,null,notes,meeting/interview,,,,,,,,,,,,,,,
7-16-19,Sketchbook,63,public/assets/716.png,null,716,image,sketch/view,brainstorm,,null,null,,,,,,,,,,,
7-17-19,Third Meeting with AP,64,https://docs.google.com/document/d/e/2PACX-1vRuY3wQ6ZNK_0cMWdZZE5NShWGy2u-VnpxJNVnCAICcKEhYfGM8Q3RJoZGtTLLFAfmLL0jmeoazzVr7/pub?embedded=tru,https://drive.google.com/open?id=1i3xp4Yuqj9kGYHguLh1V4j4eD_rRrBd3l8nIikxRB-c,null,notes,domain,,,"linearizes,tree topology,sketching,change of probable states,Search bar,collapsed,save a filtered group as a cohort","filter for species,convergence events,convergence and divergence,Identifying potential events of convergence by filtering state shifts,Repeated character transitions,re-evolution,Understanding when these transitions happened,When provided a lot of historical context",,,,,,,,,,,
7-22-19,Update of Sidebar Tree,65,public/assets/view-722.png,null,view-722,image,sketch/view,design,iteration,null,null,,,,,,,,,,,
7-23-19,Meeting with LH,66,https://docs.google.com/document/d/e/2PACX-1vSHyYzRVdfIugYFT3is0xgN04dGR4GF4HVv8S1WAxZXUNzxzq8yso8PGghlgPglej6QQvijJnEqV7d2/pub?embedded=true,https://drive.google.com/open?id=1gcSln3J_KnTelW-YikR9qgJEAW7emIzvZRm8VyX5MUc,null,notes,domain,,,"summary view of paths,Link the tree/path view",,,,,,,,,,,,
7-25-19,Development of Summary View,67,public/assets/view-725B.png,null,view-725B,image,sketch/view,design ,iteration,summary,,,,,,,,,,,,
7-25-19,Update on sort functionality,68,public/assets/view-725.png,null,view-725,image,sketch/view,functionality ,,"sort,query,",,,,,,,,,,,,
7-29-19,Sketchbook,69,public/assets/729.png,null,729,image,sketch/view,,,null,null,,,,,,,,,,,
7-30-19,Sketchbook,70,public/assets/730.png,null,730,image,sketch/view,,,null,null,,,,,,,,,,,
7-31-19,Sketchbook,71,public/assets/731.png,null,731,image,sketch/view,,,null,null,,,,,,,,,,,
7-31-19,3 Month Field Study with Harmon Lab,151,null,null,null,end,phase,,,,,,,,,,,,,,,
8-7-19,Assesement of Development and Requirements,72,https://docs.google.com/document/d/e/2PACX-1vTjxMi7oIzD0JgOkNNqWWytbcK6Fs0EJueHZOwEq12rMdFw1n_KU_2bZRNgBUKOkzJR_QmDqts0s_Kk/pub?embedded=true,https://drive.google.com/open?id=1azshy7pwt0sfBn8nbFlisezLPlCyMysUvZZvAXMLyfo,null,notes,brainstorm/sythesis,,,"topology,distributions,","compare species,anolis,ancestral state reconstruction",,,,,,,,,,,
8-8-19,Update of Summary View,73,public/assets/view-808.png,null,view-808,image,sketch/view,design,iteration,null,null,,,,,,,,,,,
8-8-19,Notes:List of relevant vis,74,https://docs.google.com/document/d/e/2PACX-1vQ-PVe6Q76hPoJwI2zE1Xd9VYYx33jtF95vVdS47jczCrkrQukTe_dz9UPJO8UI4cL7qMGztB9ckWNx/pub?embedded=true,https://docs.google.com/document/d/1LQ1k7yGkITcrDQMgg7yMQ5v6i19rS6M8x9wJvCAO10Q/edit?usp=sharing,null,notes,brainstorm/sythesis,,,null,null,,,,,,,,,,,
8-15-19,Sketchbook,75,public/assets/815.png,null,815,image,sketch/view,,,null,null,,,,,,,,,,,
8-20-19,Meeting with AL and M,76,https://docs.google.com/document/d/e/2PACX-1vSuCulu_eFfVd0lE6w_tnYVVAsq2j6ppTVQRFaIfnU7l9sGYtYkVueNAqMD8mzQON9oC-EkLuttPpy_/pub?embedded=true,https://drive.google.com/open?id=1JkN6DvnHuO6iYSyCOpdoqoltxfyaVmdulkWoNqjQAiE,null,notes,meeting/interview,,,group by discrete variable,"Geographic information is important,",,,,,,,,,,,
8-22-19,Re-revisit Requirements,77,https://docs.google.com/document/d/e/2PACX-1vSjn63byhmwc-oIAQaFJVHTDfdOwXUSiGvZ4rviO4YRPeRrjjWy4kPwINAElewUaj-8u_L2qBvqoM3E/pub?embedded=true,https://docs.google.com/document/d/1POBCPCq4Wd3mCU6Kc3kCM_8f2J5bEA6j1PvRnJLLVNg/edit?usp=sharing,null,notes,domain,,,,"character shifts,character displacement,",,,,,,,,,,,
8-23-19,Sketchbook,78,public/assets/823.png,null,823,image,sketch/view,,,null,null,,,,,,,,,,,
8-26-19,sketchbook,79,public/assets/826.png,null,826,image,sketch/view,,,null,null,,,,,,,,,,,
8-28-19,Meeting with LH,80,https://docs.google.com/document/d/e/2PACX-1vSkHLO1lel7iNSFDHxSFQDszMKD6S1S_CX_6GDnETYnSuooyT8OHktE8YUerR7C6SmTLi5MsEC6lCDA/pub?embedded=true,https://drive.google.com/open?id=1jaM6MeVjKVAU4n0syZjqVdNLlyZJDZSFeJ9Lris6v2A,null,notes,domain,pivot,,compare,"convergence/divergence,ecomporph,ancestral state reconstruction",,,,,,,,,,,
8-30-19,Sketchbook,81,public/assets/830.png,null,830,image,sketch/view,,,null,null,,,,,,,,,,,
9-2-19,Second Meeting with MR,82,null,null,,notes,domain,,,,,,,,,,,,,,,
9-3-19,Sketchbook,83,public/assets/903.png,null,903,image,sketch/view,,,,,,,,,,,,,,,
9-4-19,Sketchbook,84,public/assets/904.png,null,904,image,sketch/view,,,,,,,,,,,,,,,
9-6-19,Meeting with AL and M Go Over Process,85,https://docs.google.com/document/d/e/2PACX-1vThL4iePwUMwhNXufr1eSuxkTStWXqflxNyy7XdVBpELkqTxvTh4lW1mtvUqGpzriQCKJg8mCHhBHz1/pub?embedded=true,https://docs.google.com/document/d/1lJdycq2Ct0hewKC-MCKfM-TxE8gMIAcK1WjA3MJyw6Q/edit#,process,notes,presentation,meeting/assesment,,"The audio,immersive study,drawing exercises,artifacts",,,,,,,,,,,,
9-13-19,Meeting with AL and M Go Over Process,86,public/assets/process_meeting.pdf,keynote,,pdf,presentation,meeting/assesment,,,,,,,,,,,,,,
9-19-19,Breaking Down the Domain Problem Notes,87,https://docs.google.com/document/d/e/2PACX-1vSItH11RVSFb3KyQKm7X0Wr7j1sh7BgjWjxoTe9jdcNAvxPcxkWurbVWyNj9hu5pesvwYz_LgseuWf6/pub?embedded=true,https://docs.google.com/document/d/1hysqIomZWDtNGCCIPsw-62Wj5VuTM9zQloiIoQOmb9Q/edit?usp=sharing,null,notes,domain,analysis,,group view,,,,,,,,,,,,
10-2-19,Skype Meeting With MR,88,https://docs.google.com/document/d/e/2PACX-1vQcuW9rWx2HydZC2iSOssAaEHjTfunC_jMTHbxjHSQP88ubqfgMUnTo3MWZplRJVW95IzZ8-K-Hr9p7/pub?embedded=true,https://docs.google.com/document/d/1wB6FDtvetQJl7pgxK5635WMvUFSrUNMbbIeUEHmBdMM/edit#,null,notes,meeting/interview,,,,,,,,,,,,,,,
10-4-19,Meeting with AL and M,89,https://docs.google.com/document/d/e/2PACX-1vTmhRDhaNHwjbPpM-_LFPd6pBYnQI0YDAqItG9FmIornZKH2GHAPz7G6L9gI0imyoVupt5bhoQTA0u2/pub?embedded=true,https://docs.google.com/document/d/1BRsEtgopjhlhakeWJwbaxrKua0iFwx2ZCwC5PRKgVD8/edit?usp=sharing,null,notes,meeting/interview,abstraction,,,,,,,,,,,,,,
10-10-19,Email Correspondance About Questions from Megan,90,https://docs.google.com/document/d/e/2PACX-1vTSbDoTMschJeMVBED2JFvBAkABH2GglDgwEabkR23LTLM50aSYjbXhNxhR53EujgoNi9kg0x7BibLE/pub?embedded=true,https://docs.google.com/document/d/18tD2oNdeckvc989Vo2kMSAJ_ffojGIoe_dHLaVknXbA/edit#,null,notes,email,correspondence,,,,,,,,,,,,,,
10-17-19,Second Visit to Harmon Lab,152,null,null,null,start,event,,,,,,,,,,,,,,,
10-18-19,Meeting with LH to Talk about Convergence,91,https://docs.google.com/document/d/e/2PACX-1vQBC30U8Zw12FvRI1PvOpLlf8ZOKC4nq9NxveLH64fbwrCy3r2iTK_7IMTlvg4TZhK8rSUDgPgXEdTQ/pub?embedded=true,https://drive.google.com/open?id=1-D27IjjHpUXJtsR6QWz_pwu7dlnFdMTcEgsIop0UzNY,null,notes,domain,clarification,,,,,,,,,,,,,,
10-18-19,Showed AP the group functionality to identify convergence,92,public/assets/group-view.png,null,group-view,image,sketch/view,pivot,,,,,,,,,,,,,,
10-18-19,Meeting with AP at U of I,93,https://docs.google.com/document/d/e/2PACX-1vQCPp3Sd8b0nOW_cxbmSX4z4BamTqTjqyqH-L6RXUVX5PyRj8qFeQW9EQF3m3owEkZHWNC2FytKXl6l/pub?embedded=true,https://docs.google.com/document/d/16Zz5V8qwpioB582QSTjYfHqSY8Be3MNhsE5imhS40R8/edit?usp=sharing,null,notes,meeting/interview,brainstorming,pivot,"pivot point,inquiry,sandcastle,","group view,pair ranking,convergence,distance, delta,closeness",,,,,,,,,,,
10-18-19,Whiteboard Sketch from Discussion,94,public/assets/1018-photo.png,null,1018-photo,image,sketch/view,brainstorming,from collaborator,null,null,,,,,,,,,,,
10-19-19,Second Visit to Harmon Lab,153,null,null,null,end,event,,,,,,,,,,,,,,,
10-21-19,Sketchbook,95,public/assets/1021.png,null,1021,image,sketch/view,brainstorming,,null,null,,,,,,,,,,,
10-31-19,Update of Ranked View,96,public/assets/pheno-example.gif,null,pheno-example,image,moving-update,iteration,functionality,null,null,,,,,,,,,,,
11-01-19,Sketchbook,97,public/assets/1101.png,null,1101,image,sketch/view,brainstorming,,null,null,,,,,,,,,,,
11-01-19,View Descriptions,98,https://docs.google.com/document/d/e/2PACX-1vRsOJ3xQQklBxUmvQ9P-XjImcfGdUPGL5oCrZqqnkLAMHUh1PcH892xCcCfrrppgrzphXjUvrL9FK67/pub?embedded=true,https://docs.google.com/document/d/1vRn1Ljdit01LmgO0bPTE9JYhGbhrzyBOkZXti_eZ_-g/edit#heading=h.y22udv750fa8,null,notes,brainstorm/sythesis,idea synthesis,view,,,,,,,,,,,,,
11-04-19,Meeting with LH and AL,99,https://docs.google.com/document/d/e/2PACX-1vRdeaAeGGIb_XD8WPriu3C5RbqSJIwf6YaxHwb-n9xuVzJzAjL46YgnrutorLfUZJt3_NOmqZXmr_Ci/pub?embedded=true,https://docs.google.com/document/d/1LQoAQ8bwvFe-lA3tnoqyW5mr4fNIppmsJ4Cl3l7to5E/edit#,null,meeting/interview,meeting/interview,clarification,,,,,,,,,,,,,,
11-08-19,Changed Discrete Summary,100,public/assets/view-1108.png,null,view-1108,image,sketch/view,iteration,,,,,,,,,,,,,,
11-08-19,Meeting with AL and M,101,https://docs.google.com/document/d/e/2PACX-1vTcpoPWjlujmLqFOAWnQNQkFqPUfxo94ZkM75MrLlCIUY-nnBrR7z8ftqtD4PjvxfnsOdsQr81fjjph/pub?embedded=true,https://docs.google.com/document/d/1HlSERPWpAUZ66qXOPfqKMCjdfQTTGeXY_33IXk5260c/edit?usp=sharing,null,notes,meeting/interview,storyline,contribution,"technical contribution here that is transferable, Characterizing this subtree independent of the topological structure,2 or 3 emerging patterns,bimodal distribution,generalize","divergence of species,",,,,,,,,,,,
11-11-19,Notes on Related Work,102,https://docs.google.com/document/d/e/2PACX-1vQA5cEZhZMZUxWPHjfG-bdGolCQN7d6DzuggQQNMB7Rz6ftm4VHfR7yoZ9vydGd-UbKQOhyqVRYWS72/pub?embedded=true,https://docs.google.com/document/d/1DQdDCRwyqLxN2YkddnkMaCs7mzr2iKYNzvOf_H07sQQ/edit?usp=sharing,null,notes,brainstorm/sythesis,,,,,,,,,,,,,,,
11-12-19,Comparison View,103,public/assets/view-1112.png,null,view-1112,image,sketch/view,iteration,,,,,,,,,,,,,,
11-15-19,Meeting with AL and M,104,https://docs.google.com/document/d/e/2PACX-1vQRC_xaTgXu-KayMAnKvQofliSz0JYGrNoVTEmR13tcEnRN50w1BZrTH_MKOeQE8pd4303-hyUaL619/pub?embedded=true,https://docs.google.com/document/d/164yad8Dfb6j4Xr6oFD4_IsvjFh3U8NzzhKXXd_IhuXY/edit?usp=sharing,null ,notes,meeting/interview,brainstorming,,"different design choices,Context of the topology.Frequency of a certain category,","Mirroring for comparisons,Comparison of different clades ",,,,,,,,,,,
11-22-19,Meeting with AL and M,105,https://docs.google.com/document/d/e/2PACX-1vRAZk8KNJlVk8N1Z03ayfQ1ofMSIxypOYUMdXicx1VsC2b0_xP9LHv4ZjsBOOHWgE09A1xKU8NNSTKS/pub?embedded=true,https://docs.google.com/document/d/1XQx54__V75BoxlbUPAn3ZgeT62sLIhUWqmWkWf23c9c/edit?usp=sharing,null,notes,meeting/interview,,,,,,,,,,,,,,,
12-02-19,Notes on Tree Topology,106,https://docs.google.com/document/d/e/2PACX-1vRwKPAkHDZFqBAiauJo5_0sCaXqpsJEi_4-eZuZ3d1pCJ31ZTp5VZjXKtsAl56z-rdcoU5Gpi_TakkC/pub?embedded=true,https://docs.google.com/document/d/1PFNrVBxkLiKqikxkR4V0MOC4lxoH-5Kye9FWFNaA4Qw/edit?usp=sharing,null,notes,domain,,,,,,,,,,,,,,,
12-05-19,Sketchbook,107,public/assets/1205.png,null,1205,image,sketch/view,,,null,null,,,,,,,,,,,
12-10-19,Design Phase,157,null,null,null,end,phase,,,,,,,,,,,,,,,
12-10-19,Revisited descrete summary view,108,public/assets/view-1210.png,null,view-1210,image,sketch/view,,,,,,,,,,,,,,,
12-11-19,Sent out emails to get datasets from 4 other labs in Utah,109,https://docs.google.com/document/d/e/2PACX-1vSPu-WfL_48S73UBfWpVY7alUnC43RDzU4YHCFkiUD-x0I119KYAqcgOoswvRXTgRVJ9zTS-GyujKYE/pub?embedded=true,https://docs.google.com/document/d/1NndOC1sUSpBnO1jVdpJVa1XwbgYmshqIkaPDd5U5u1A/edit?usp=sharing,null,notes,email,,,,,,,,,,,,,,,
12-11-19,"Brainstormed names, made sample logo",110,public/assets/Flux-Logo.png,null,Flux-Logo,image,sketch/view,,,,,,,,,,,,,,,
12-11-19,Reflection Phase,146,null,null,null,start,phase,,,,,,,,,,,,,,,
12-17-19,Meeting with M,111,https://docs.google.com/document/d/e/2PACX-1vQqCY2_iCMMtVmp869Gz-Gh_QwyM2pMMpGJdKdVDH3O4z5m3CvpbgCH6TLqBlJaQd2OfFLjs1EKSvTe/pub?embedded=true,https://docs.google.com/document/d/1I4CgfP46gj_Fmf2ofQvkUBhBe4ovv5LPNn4qipF0f7U/edit?usp=sharing,null,notes,meeting/interview,,,,,,,,,,,,,,,
12-20-19,Adding multiple traits to ranking system,112,public/assets/view-1220.png,null,view-1220,image,sketch/view,iteration,,null,null,,,,,,,,,,,
12-27-19,Added Histogram for multiple traits in ranking,113,public/assets/view-1227.png,null,view-1227,image,sketch/view,iteration,,null,null,,,,,,,,,,,
12-28-19,Updated DIscrete Summary View,114,public/assets/view-1228.png,null,view-1228,image,sketch/view,iteration,,null,null,,,,,,,,,,,
12-30-19,Showed AL new discrete view. He suggested Jitter and circles instead of bars to handle marks with same values,115,public/assets/view-1230.png,null,view-1230,image,sketch/view,iteration,,null,null,,,,,,,,,,,
1-2-20,Checking in Email to AP and LH ,116,public/assets/clade-maker.gif,null,clade-maker,image,moving-update,,,null,null,,,,,,,,,,,
1-2-20,Checking in Email to AP and LH ,117,public/assets/202-pair.png,null,202-pair,image,sketch/view,,,null,null,,,,,,,,,,,
1-4-20,Email Feedback from AP,118,https://docs.google.com/document/d/e/2PACX-1vTNFpbGsPY9QvyeCcy7BiZl7YP3HsFREtMEX4a0nzg9IYycPYjBgEEqrJIqYQWPdqLIWXzgwtePyC2o/pub?embedded=true,https://docs.google.com/document/d/1Jy7wQu7WuR-K5EwY-1ofeoJPVwwI-tM5IKrBEx6TUcw/edit#heading=h.c58gu0va90i8,null,notes,email,,,values for distance,"clade view,distance,delta,closeness,summary view",,,,,,,,,,,
1-15-20,Got Salamander data from AP,119,null,null,,email/text,email,,,,,,,,,,,,,,,
1-15-20,Meeting with AP skype,120,null,https://docs.google.com/document/d/1GykAKldfJAbVVKYNVtNuFAPVK4Tth3EbAs-caZheJRM/edit?usp=sharing,null,notes,meeting/interview,,,,,,,,,,,,,,,
1-25-20,Email C/LH about Arbor,121,null,null,,email/text,email,,,,,,,,,,,,,,,
1-27-20,Planning for Storyline Notes,122,https://docs.google.com/document/d/e/2PACX-1vSJk3wZxyk1KC3Bfc-thFDrz8eEuRpQuUxcBpFVwoSs4G5HozaR-qLCdyfr8AOBi7nd4olskR94AWRr/pub?embedded=true,https://docs.google.com/document/d/186NwAgmfNB0vuF9nJ1D6Psbd-Q7gXpal_fwv35zzdjo/edit#heading=h.6870zgsb24pf,null,notes,brainstorm/sythesis,storyline,,"Ranking system,Lessons learned,reflective process,See how trait values change over time,positive and negative trends,","relationships of species histories,historical patterns of traits,Identify species that share similar value trends,Identify Macro-Evolutionary Modes,re-evolution,",,,,,,,,,,,
2-2-20,Third Visit to Harmon Lab,154,null,null,null,start,event,,,,,,,,,,,,,,,
2-4-20,Initial Meeting with LH,123,https://docs.google.com/document/d/e/2PACX-1vToHR-iDbTP-g3ZrNIoYvZu3CCd80z-WyA7rHddXKI1hkvsbVlhuKKigsOeir3ZH1WPDC8sOmIdjBOW/pub?embedded=true,https://docs.google.com/document/d/19Ni7yt_qNHVzHj-f_r6gpp1SaDpan9CPZwlBTd4Z1XM/edit?usp=sharing,null,notes,meeting/interview,,,,,,,,,,,,,,,
2-4-20,Eval Meeting with JS,124,https://docs.google.com/document/d/e/2PACX-1vQbxfPuaePzXxPQdLA6-8CqdmQuCcZS5WnihFAc_hQifRTljfLo8X-RenUkIhMaCy5L47oOyPmFPoEJ/pub?embedded=true,https://docs.google.com/document/d/1PewxEvBrNKUMUhLWLlcBZ9Y3QnYCY5lUrd8htYXXejA/edit?usp=sharing,null,notes,meeting/interview,,,,,,,,,,,,,,,
2-4-20,Eval Meeting with AP,125,https://docs.google.com/document/d/e/2PACX-1vQC-8iu-cTC9ExwpWa_TyqK2xAtktCRpR13bqiYtZI40EKqDvUxDenIn3fJmvaBWpUKYywpDU9KN4TG/pub?embedded=true,https://docs.google.com/document/d/1Y72DUG1_7tWzTmpnM9QKBD-LZMn9aIqT9ZNsu_6Tn2Y/edit?usp=sharing,null,notes,meeting/interview,,,,export names of species in a defined clade,,,,,,,,,,,
2-5-20,Eval Meeting with K,126,https://docs.google.com/document/d/e/2PACX-1vQ8u4Wh1_LL0ZNqXAx2ik3vS2GmJ2q2QiKgcnLEfOQs467zS0sOTFp8mu_FjYL79vA_os6PWjigL_9I/pub?embedded=true,https://docs.google.com/document/d/1kWcaLa5Zu5VUn36x9NS7JGV38eIaDCppsMzBDgA3NcI/edit?usp=sharing,null,notes,meeting/interview,,,Define groups by a trait,,,,,,,,,,,,
2-5-20,Wrote Trevo abstract,127,https://docs.google.com/document/d/e/2PACX-1vSg_hSQD0MPphz3PVwhEhu2TS9mCdpqPC6HQAepj-du5PDdUUdTnHg3-_fzyok-8vy1-TEBTfedpCaW/pub?embedded=true,https://docs.google.com/document/d/1_FYcUPHRCRleZiJLH7jwOhBQx5TwR1P3zC3fe94-4S0/edit?usp=sharing,null,notes,brainstorm/sythesis,,,,,,,,,,,,,,,
2-6-20,Ask AP clarifying question for data,128,null,null,,email/text,text,,,Were you determining convergence/divergence/etc pairs for anoles and the salamanders?,"Only anoles for now. Haven't gotten into salamanders and convergence yet. But yeah, for sure!",,,,,,,,,,,
2-6-20,Meeting with AP and LH Eval,129,https://docs.google.com/document/d/e/2PACX-1vRwexvCLQCexSyXKEkOh6lGAnGE5-SKehMRnZ3JH2Ural_qLdI6A14Kr41JVCLu6UQ4h_satQGgAqil/pub?embedded=true,https://docs.google.com/document/d/17KIzeZwg_E5VVzj3Im5f96w3AyPJ9FMV4eGPpi_KRMs/edit?usp=sharing,null,notes,meeting/interview,,,non-consensus,"Macro Evolutionary Modes,anti-convergence,character shift",,,,,,,,,,,
2-7-20,Third Visit to Harmon Lab,155,null,null,null,end,event,,,,,,,,,,,,,,,
2-19-20,Meeting with AL and M,130,https://docs.google.com/document/d/e/2PACX-1vRSIoWLzp4mSPWUriaJa1msVKW3Zgw564EjJv0EEOugJJfdTbjyu5zDTZsb71TJOraAmKYpE5iXnYC4/pub?embedded=true,,,notes,meeting/interview,,,thick descriptions,,,,,,,,,,,,
2-20-20,Meeting with AP to Discuss functionality to include in case study,131,null,null,view-pair-220,image,meeting/interview,,,,,,,,,,,,,,,
2-21-20,Update with AP on color coding path view,132,,,,email/text,text,,,Update - added the color blocks for the discrete trait in pair view. I’m going to add the calculations in there next. Website is updated if you wanted to see what it looks like! Also - talked to Alex and he is wondering how we can make a case study that includes the summary view. Any ideas what else the summary view needs to make it usable? I added the copy functionality from the brush selection but need to add in the highlighting of outliers,Awesome! I'll try to check it out soon. And I'll need to think about the summary view. The only think I could think of would be to show a summary of traits for each ecomorph - that really is more of just a general tool to look at/view the data. But I'll mull it over and see if I can't think of anything.,,,,,,,,,,,
2-24-20,Update with AP on Path View,133,https://docs.google.com/document/d/e/2PACX-1vS8rm95UX8b5OmKYV0pSzasZKhNZAAK0yUX2fm47fstyj_PXY7hy7u8akBU9baJXYaGTcyHUH0vmQMH/pub?embedded=true,https://docs.google.com/document/d/1G2ReORzbP-8_w-mCZ_pEN2yBsur8MBmbJTZJKFv3I1E/edit,,email/text,text,,,Update - added indication of outliers to the summary view. Also I was thinking - you can define groups of species now from discrete or continuous traits. Maybe a use case for that view would be to define groups by ecomorph category and check to see how the distributions differ from the entire tree / other ectomorph groups? I’ll send an email with more info to you and LH!,"Yeah, I think that woul dbe perfect! That way you can see, directly from the data, how, and among which traits each group differs. I like it!",WOOP. Saving the summary view.,Booyah,"One thing I noticed the other night is that a lot of the convergent pairs are not both the same ecomorph - but because we are looking at a single trait, would it make sense that two ectomorphs would have similar characteristics for a single trait? Ex: trunk crown and twig having similar “PCIII_Padwitch_vs_tail”?",Hmmmm.... You're finding that even when using the PC traits? Because those PCs are essentially composites of multiple traits,"For the island anolis data yes, I thought twig and trunk crowns had longer tails and larger toe pads though?","Okay. For all of them? Or only pc 3? How many species are you finding convergent among groups? I mean, it's not necessarily an issue - these ecomorphs are defined in a real broad way, and they often overlap in pc space. Yeah, they do. So when looking along one or two trait axes, we SHOULD find overlaps among groups. That's where potentially doing this across traits and looking at those that are enriched for convergent trait instances would be valuable. Looking across traits like that could give us a better sense of whole body convergence.",That makes sense - I might relook at the algorithm that calculates the scores too just in case! I have the heat map visualization on the right that shows the other traits that it scores top 1% in so I can sort by that. Putting the top pairs that are convergent in more than one trait on the top. THINK I FOUND A BUG IN THE DELTA.,Oh dang! What's it doing?,Should be an easy fix I’ll just bin diffs by time and get max bin stand by haha,Okay - what was it doing before?,I just looked at the code and I have been binning. That max delta for the top pair doesn’t look like it’s larger than the max for the second. Im digging around to figure out why.
2-25-20,"Reflection on ""Failures""",134,https://docs.google.com/document/d/e/2PACX-1vT6le2YV31A0kWUHrzq90d2S5qATmvOyE4iZHO-VboxxD0q84oYZrcypF1dnRe0M0GLE7Be1cO2xv3Z/pub?embedded=true,https://docs.google.com/document/d/1IOMgNIG1T1fMQtXCoJuSFpfTIegvSp_UJi_9l8Buyfk/edit#,null,notes,brainstorm/sythesis,,,,,,,,,,,,,,,
2-25-20,Reflection on My Role in The Lab ,135,https://docs.google.com/document/d/e/2PACX-1vRbL-0QXwDamyY_9wR1IxQieChQv5-oGOnVyPONFwpDjZfpWXdSiXJdQ8NuC7ePvuAXV_0lgB5kW-si/pub?embedded=true,https://docs.google.com/document/d/1Y5yEcZK1OzLyZDMhWPs9GPdlqj67DiUQmN-otAYX34Q/edit#heading=h.7fycadfkjlpd,null,notes,brainstorm/sythesis,,,,,,,,,,,,,,,
2-26-20,Meeting with LH to Talk About Case Studies,136,https://docs.google.com/document/d/e/2PACX-1vTo1ZX8iKVPN82cNiZXSIhq7mmkAEQxi1YJc_CtZzSzMXKW6jzJnMTwkf0123ErbvTI_Wh2yjg5TlNW/pub?embedded=true,https://docs.google.com/document/d/1_cJL4xlS8-vbgTU9li80nDs-Dm8UpVuTqrf92QQi6Zo/edit#,null,notes,meeting/interview,,,,,,,,,,,,,,,
2-28-20,Process Meeting and Pre Paper Narrative,137,https://docs.google.com/document/d/e/2PACX-1vSKI2c4OCijgDCVYYPBcp80Q1Xvynlvrye7kXJ_bEWjBLG8lA2MpKi0mm7rPO69NhOVQCa8mu-6cQ5G/pub?embedded=true,https://docs.google.com/document/d/1eOz5hfUWdAsvDtnrjlVQUkDtmSGHt6Mgmf4nNds6wLg/edit#,null,notes,meeting/interview,,,,,,,,,,,,,,,
2-28-20,Photo of Whiteboard process 1,138,null,null,,notes,brainstorm/sythesis,,,,,,,,,,,,,,,
03-02-20,Initial Pre-paper Run-through,139,public/assets/pre_paper_talk_1.pdf,,,pdf,presentation,,,,,,,,,,,,,,,
03-04-20,Second Pre-paper Run-through,140,public/assets/pre_paper_talk_1.pdf,,,pdf,presentation,,,,,,,,,,,,,,,
03-06-20,Third Pre-paper Run-through Notes,141,public/assets/pre_paper_talk_1.pdf,https://docs.google.com/document/d/1A-alyrFxgoJx7kkLmZ2bVflPi5vK5Mc7OCTrezf4fco/edit#,,pdf,presentation,,,,,,,,,,,,,,,
03-06-20,Third Pre-paper Run-through,142,public/assets/pre_paper_talk_1.pdf,,,pdf,presentation,,,,,,,,,,,,,,,
03-08-20,Development of Lessons Learned,143,https://docs.google.com/document/d/e/2PACX-1vStO7JnFssA3-px_Spz8zvBXJEDm6qclkWPCnfmYNZQUx1O-aOj84BbG3wQs1xeo4S6moIvL4-7tKd9/pub?embedded=true,https://docs.google.com/document/d/13_LolblWcXnezqn56-pBUg5p1Pe4IQekehFNX6nFGSU/edit,null,notes,brainstorm/sythesis,,,,,,,,,,,,,,,
03-09-20,Reflection Phase,147,null,null,mull,end,phase,,,,,,,,,,,,,,,
03-09-20,Pre-paper Talk,144,public/assets/pre_paper_talk_1.pdf,,,pdf,presentation,,,,,,,,,,,,,,,
03-09-20,Pre-paper Talk Notes,144,,,,notes,meeting/interview,,,,,,,,,,,,,,,
03-26-20,first paper draft,159,public/assets/paper_2020_trevo_version_326.pdf,null,null,pdf,brainstorm/sythesis,,,,,,,,,,,,,,,
04-09-20,Case study write-up from LH and AP,145,https://docs.google.com/document/d/e/2PACX-1vT7E8K6g7oHd9wHwZ8SQtlGUKc_4PvRSO_nt26CkDaF72qMoHXDFL5sochg1EKSyQQKkg4ZY8GvcrGK/pub?embedded=true,https://docs.google.com/document/d/1p4ovS8_RufQDoPW8WD9Q5A51WxaCt4HO12sahrjRr0U/edit?usp=sharing,,notes,brainstorm/sythesis,,,"Anoles,model system,adaptive radiation,ecomorphs,convergent evolution,macroevolutionary processes,detecting outliers,",,,,,,,,,,,,
07-07-20,Trrrace website breakdown,161,public/assets/trrrace_screen_anno.pdf,null,null,pdf,,,,,,,,,,,,,,,,